source_file,clave_acceso,numero_autorizacion,fecha_emision,codigo_principal,codigo_auxiliar,descripcion,cantidad,precio_unitario,descuento,precio_total_sin_impuesto,impuesto_valor_total,es_gratis
Factura (1).xml,0304202501179222137400120010050000176334256725719,0304202501179222137400120010050000176334256725719,03/04/2025,300084,108899,Fórmula Magistral Cápsulas Minoxidil 5mg Dutasteride 0.5mg,10.0,19.0,0.0,190.0,0.0,False
Factura (1).xml,0304202501179222137400120010050000176334256725719,0304202501179222137400120010050000176334256725719,03/04/2025,300084,108899,Fórmula Magistral Cápsulas Minoxidil 5mg Dutasteride 0.5mg,1.0,19.0,19.0,0.0,0.0,False
Factura (10).xml,0404202501179222137400120010050000176694257523312,0404202501179222137400120010050000176694257523312,04/04/2025,500008,7868000495133,Loción Antitranspirante 100ml,8.0,10.42,0.0,83.36,12.5,False
Factura (10).xml,0404202501179222137400120010050000176694257523312,0404202501179222137400120010050000176694257523312,04/04/2025,500008,7868000495133,Loción Antitranspirante 100ml,2.0,10.42,20.84,0.0,0.0,False
Factura (10).xml,0404202501179222137400120010050000176694257523312,0404202501179222137400120010050000176694257523312,04/04/2025,400052,8423372800467,Pilopeptan Woman - 5 alpha,5.0,39.0,0.0,195.0,29.25,False
Factura (10).xml,0404202501179222137400120010050000176694257523312,0404202501179222137400120010050000176694257523312,04/04/2025,400052,8423372800467,Pilopeptan Woman - 5 alpha,1.0,39.0,39.0,0.0,0.0,False
Factura (11).xml,0404202501179222137400120010050000176694257523312,0404202501179222137400120010050000176694257523312,04/04/2025,500008,7868000495133,Loción Antitranspirante 100ml,8.0,10.42,0.0,83.36,12.5,False
Factura (11).xml,0404202501179222137400120010050000176694257523312,0404202501179222137400120010050000176694257523312,04/04/2025,500008,7868000495133,Loción Antitranspirante 100ml,2.0,10.42,20.84,0.0,0.0,False
Factura (11).xml,0404202501179222137400120010050000176694257523312,0404202501179222137400120010050000176694257523312,04/04/2025,400052,8423372800467,Pilopeptan Woman - 5 alpha,5.0,39.0,0.0,195.0,29.25,False
Factura (11).xml,0404202501179222137400120010050000176694257523312,0404202501179222137400120010050000176694257523312,04/04/2025,400052,8423372800467,Pilopeptan Woman - 5 alpha,1.0,39.0,39.0,0.0,0.0,False
Factura (12).xml,0704202501179222137400120010050000177064259828017,0704202501179222137400120010050000177064259828017,07/04/2025,300058,00654,Fórmula Magistral Cápsulas Minoxidil 2.5mg,10.0,11.0,0.0,110.0,0.0,False
Factura (12).xml,0704202501179222137400120010050000177064259828017,0704202501179222137400120010050000177064259828017,07/04/2025,300058,00654,Fórmula Magistral Cápsulas Minoxidil 2.5mg,1.0,11.0,11.0,0.0,0.0,False
Factura (12).xml,0704202501179222137400120010050000177064259828017,0704202501179222137400120010050000177064259828017,07/04/2025,300059,1088102,Fórmula Magistral Cápsulas Minoxidil 2.5mg Dutasteride 0.5mg,10.0,17.5,0.0,175.0,0.0,False
Factura (12).xml,0704202501179222137400120010050000177064259828017,0704202501179222137400120010050000177064259828017,07/04/2025,300059,1088102,Fórmula Magistral Cápsulas Minoxidil 2.5mg Dutasteride 0.5mg,1.0,17.5,17.5,0.0,0.0,False
Factura (13).xml,2402202501179222137400120010050000171154231936610,2402202501179222137400120010050000171154231936610,24/02/2025,400045,8423372025006,Pilopeptan Intensive,4.0,44.5,0.0,178.0,26.7,False
Factura (13).xml,2402202501179222137400120010050000171154231936610,2402202501179222137400120010050000171154231936610,24/02/2025,400045,8423372025006,Pilopeptan Intensive,1.0,44.5,44.5,0.0,0.0,False
Factura (14).xml,2104202501179222137400120010050000178754268858115,2104202501179222137400120010050000178754268858115,21/04/2025,300059,1088102,Fórmula Magistral Cápsulas Minoxidil 2.5mg Dutasteride 0.5mg,10.0,17.5,0.0,175.0,0.0,False
Factura (14).xml,2104202501179222137400120010050000178754268858115,2104202501179222137400120010050000178754268858115,21/04/2025,300059,1088102,Fórmula Magistral Cápsulas Minoxidil 2.5mg Dutasteride 0.5mg,1.0,17.5,17.5,0.0,0.0,False
Factura (15).xml,2204202501179222137400120010050000178944269496411,2204202501179222137400120010050000178944269496411,22/04/2025,300024,220302,Fórmula Magistral Cápsulas Dutasteride 0.5mg,10.0,12.0,0.0,120.0,0.0,False
Factura (15).xml,2204202501179222137400120010050000178944269496411,2204202501179222137400120010050000178944269496411,22/04/2025,300024,220302,Fórmula Magistral Cápsulas Dutasteride 0.5mg,1.0,12.0,12.0,0.0,0.0,False
Factura (15).xml,2204202501179222137400120010050000178944269496411,2204202501179222137400120010050000178944269496411,22/04/2025,300052,108895,Fórmula Magistral Cápsulas Minoxidil 1mg,10.0,10.0,0.0,100.0,0.0,False
Factura (15).xml,2204202501179222137400120010050000178944269496411,2204202501179222137400120010050000178944269496411,22/04/2025,300052,108895,Fórmula Magistral Cápsulas Minoxidil 1mg,1.0,10.0,10.0,0.0,0.0,False
Factura (16).xml,1203202501179222137400120010050000173044241621716,1203202501179222137400120010050000173044241621716,12/03/2025,500001,7868000495164,5-Fluorouracilo 5%  30g,5.0,16.8,0.0,84.0,0.0,False
Factura (16).xml,1203202501179222137400120010050000173044241621716,1203202501179222137400120010050000173044241621716,12/03/2025,500001,7868000495164,5-Fluorouracilo 5%  30g,1.0,16.8,16.8,0.0,0.0,False
Factura (16).xml,1203202501179222137400120010050000173044241621716,1203202501179222137400120010050000173044241621716,12/03/2025,400042,8423372026010,Pilopeptan Champú - Hombre,5.0,22.75,0.0,113.75,17.06,False
Factura (16).xml,1203202501179222137400120010050000173044241621716,1203202501179222137400120010050000173044241621716,12/03/2025,400042,8423372026010,Pilopeptan Champú - Hombre,1.0,22.75,22.75,0.0,0.0,False
Factura (16).xml,1203202501179222137400120010050000173044241621716,1203202501179222137400120010050000173044241621716,12/03/2025,400049,8423372025051,Pilopeptan Reparador Uñas - Gel,5.0,16.0,0.0,80.0,12.0,False
Factura (16).xml,1203202501179222137400120010050000173044241621716,1203202501179222137400120010050000173044241621716,12/03/2025,400049,8423372025051,Pilopeptan Reparador Uñas - Gel,1.0,16.0,16.0,0.0,0.0,False
Factura (17).xml,2204202501179222137400120010050000179004269650411,2204202501179222137400120010050000179004269650411,22/04/2025,400048,8423372800429,Pilopeptan Pestañas y Cejas,2.0,35.0,0.0,70.0,10.5,False
Factura (17).xml,2204202501179222137400120010050000179004269650411,2204202501179222137400120010050000179004269650411,22/04/2025,400053,8423372800061,Pilopeptan Woman - Comprimidos,5.0,39.0,0.0,195.0,29.25,False
Factura (17).xml,2204202501179222137400120010050000179004269650411,2204202501179222137400120010050000179004269650411,22/04/2025,400053,8423372800061,Pilopeptan Woman - Comprimidos,1.0,39.0,39.0,0.0,0.0,False
Factura (17.xml,1203202501179222137400120010050000173214241659813,1203202501179222137400120010050000173214241659813,12/03/2025,300024,220302,Fórmula Magistral Cápsulas Dutasteride 0.5mg,10.0,12.0,0.0,120.0,0.0,False
Factura (17.xml,1203202501179222137400120010050000173214241659813,1203202501179222137400120010050000173214241659813,12/03/2025,300024,220302,Fórmula Magistral Cápsulas Dutasteride 0.5mg,1.0,12.0,12.0,0.0,0.0,False
Factura (17.xml,1203202501179222137400120010050000173214241659813,1203202501179222137400120010050000173214241659813,12/03/2025,300058,00654,Fórmula Magistral Cápsulas Minoxidil 2.5mg,10.0,11.0,0.0,110.0,0.0,False
Factura (17.xml,1203202501179222137400120010050000173214241659813,1203202501179222137400120010050000173214241659813,12/03/2025,300058,00654,Fórmula Magistral Cápsulas Minoxidil 2.5mg,1.0,11.0,11.0,0.0,0.0,False
Factura (17.xml,1203202501179222137400120010050000173214241659813,1203202501179222137400120010050000173214241659813,12/03/2025,300095,108896,Fórmula Magistral Cápsulas Minoxidil Forte 5mg,10.0,12.0,0.0,120.0,0.0,False
Factura (17.xml,1203202501179222137400120010050000173214241659813,1203202501179222137400120010050000173214241659813,12/03/2025,300095,108896,Fórmula Magistral Cápsulas Minoxidil Forte 5mg,1.0,12.0,12.0,0.0,0.0,False
Factura (18).xml,2404202501179222137400120010050000179314270782719,2404202501179222137400120010050000179314270782719,24/04/2025,400041,8423372025044,Pilopeptan Cápsulas - Hombre,5.0,29.92,0.0,149.6,22.44,False
Factura (18).xml,2404202501179222137400120010050000179314270782719,2404202501179222137400120010050000179314270782719,24/04/2025,400041,8423372025044,Pilopeptan Cápsulas - Hombre,1.0,29.92,29.92,0.0,0.0,False
Factura (18.xml,0204202501179222137400120010050000176254256301015,0204202501179222137400120010050000176254256301015,02/04/2025,300059,1088102,Fórmula Magistral Cápsulas Minoxidil 2.5mg Dutasteride 0.5mg,10.0,17.5,0.0,175.0,0.0,False
Factura (18.xml,0204202501179222137400120010050000176254256301015,0204202501179222137400120010050000176254256301015,02/04/2025,300059,1088102,Fórmula Magistral Cápsulas Minoxidil 2.5mg Dutasteride 0.5mg,1.0,17.5,17.5,0.0,0.0,False
Factura (18.xml,0204202501179222137400120010050000176254256301015,0204202501179222137400120010050000176254256301015,02/04/2025,300066,1088106,Fórmula Magistral Cápsulas Minoxidil 2.5mg Finasteride 2.5mg,10.0,20.0,0.0,200.0,0.0,False
Factura (18.xml,0204202501179222137400120010050000176254256301015,0204202501179222137400120010050000176254256301015,02/04/2025,300066,1088106,Fórmula Magistral Cápsulas Minoxidil 2.5mg Finasteride 2.5mg,1.0,20.0,20.0,0.0,0.0,False
Factura (19).xml,0204202501179222137400120010050000176244256293610,0204202501179222137400120010050000176244256293610,02/04/2025,500001,7868000495164,5-Fluorouracilo 5%  30g,5.0,16.8,0.0,84.0,0.0,False
Factura (19).xml,0204202501179222137400120010050000176244256293610,0204202501179222137400120010050000176244256293610,02/04/2025,500001,7868000495164,5-Fluorouracilo 5%  30g,1.0,16.8,16.8,0.0,0.0,False
Factura (19).xml,0204202501179222137400120010050000176244256293610,0204202501179222137400120010050000176244256293610,02/04/2025,400044,8423372840173,Pilopeptan Champú - Woman,5.0,25.29,0.0,126.45,18.97,False
Factura (19).xml,0204202501179222137400120010050000176244256293610,0204202501179222137400120010050000176244256293610,02/04/2025,400044,8423372840173,Pilopeptan Champú - Woman,1.0,25.29,25.29,0.0,0.0,False
Factura (19).xml,0204202501179222137400120010050000176244256293610,0204202501179222137400120010050000176244256293610,02/04/2025,400045,8423372025006,Pilopeptan Intensive,5.0,44.5,0.0,222.5,33.38,False
Factura (19).xml,0204202501179222137400120010050000176244256293610,0204202501179222137400120010050000176244256293610,02/04/2025,400045,8423372025006,Pilopeptan Intensive,1.0,44.5,44.5,0.0,0.0,False
Factura (2).xml,2301202501179222137400120010050000167194210264511,2301202501179222137400120010050000167194210264511,23/01/2025,300059,1088102,Fórmula Magistral Cápsulas Minoxidil 2.5mg Dutasteride 0.5mg,10.0,17.5,0.0,175.0,0.0,False
Factura (2).xml,2301202501179222137400120010050000167194210264511,2301202501179222137400120010050000167194210264511,23/01/2025,300059,1088102,Fórmula Magistral Cápsulas Minoxidil 2.5mg Dutasteride 0.5mg,1.0,17.5,17.5,0.0,0.0,False
Factura (20).xml,0505202501179222137400120010050000180744278149611,0505202501179222137400120010050000180744278149611,05/05/2025,300059,1088102,Fórmula Magistral Cápsulas Minoxidil 2.5mg Dutasteride 0.5mg,24.0,17.5,0.0,420.0,0.0,False
Factura (20).xml,0505202501179222137400120010050000180744278149611,0505202501179222137400120010050000180744278149611,05/05/2025,300059,1088102,Fórmula Magistral Cápsulas Minoxidil 2.5mg Dutasteride 0.5mg,3.0,17.5,52.5,0.0,0.0,False
Factura (21).xml,0505202501179222137400120010050000180754278150915,0505202501179222137400120010050000180754278150915,05/05/2025,400045,8423372025006,Pilopeptan Intensive,4.0,44.5,0.0,178.0,26.7,False
Factura (21).xml,0505202501179222137400120010050000180754278150915,0505202501179222137400120010050000180754278150915,05/05/2025,400045,8423372025006,Pilopeptan Intensive,1.0,44.5,44.5,0.0,0.0,False
Factura (22).xml,0505202501179222137400120010050000180904278479714,0505202501179222137400120010050000180904278479714,05/05/2025,400006,8423372040078,Fluidbase Rederm Retinol + Vitamina C,5.0,30.0,0.0,150.0,22.5,False
Factura (22).xml,0505202501179222137400120010050000180904278479714,0505202501179222137400120010050000180904278479714,05/05/2025,400006,8423372040078,Fluidbase Rederm Retinol + Vitamina C,1.0,30.0,30.0,0.0,0.0,False
Factura (23).xml,0705202501179222137400120010050000181354279720019,0705202501179222137400120010050000181354279720019,07/05/2025,400045,8423372025006,Pilopeptan Intensive,4.0,44.5,0.0,178.0,26.7,False
Factura (23).xml,0705202501179222137400120010050000181354279720019,0705202501179222137400120010050000181354279720019,07/05/2025,400045,8423372025006,Pilopeptan Intensive,1.0,44.5,44.5,0.0,0.0,False
Factura (24).xml,1605202501179222137400120010050000183024285515512,1605202501179222137400120010050000183024285515512,16/05/2025,400003,8423372800450,Fluidbase Rederm Bebible,2.0,30.0,0.0,60.0,9.0,False
Factura (24).xml,1605202501179222137400120010050000183024285515512,1605202501179222137400120010050000183024285515512,16/05/2025,500009,7868000495126,Loción Antitranspirante 200ml,5.0,17.11,0.0,85.55,12.83,False
Factura (24).xml,1605202501179222137400120010050000183024285515512,1605202501179222137400120010050000183024285515512,16/05/2025,500009,7868000495126,Loción Antitranspirante 200ml,1.0,17.11,17.11,0.0,0.0,False
Factura (24).xml,1605202501179222137400120010050000183024285515512,1605202501179222137400120010050000183024285515512,16/05/2025,400044,8423372840173,Pilopeptan Champú - Woman,5.0,25.29,0.0,126.45,18.97,False
Factura (24).xml,1605202501179222137400120010050000183024285515512,1605202501179222137400120010050000183024285515512,16/05/2025,400044,8423372840173,Pilopeptan Champú - Woman,1.0,25.29,25.29,0.0,0.0,False
Factura (25).xml,1605202501179222137400120010050000183074285570715,1605202501179222137400120010050000183074285570715,16/05/2025,300058,654.0,Fórmula Magistral Cápsulas Minoxidil 2.5mg,10.0,11.0,0.0,110.0,0.0,False
Factura (25).xml,1605202501179222137400120010050000183074285570715,1605202501179222137400120010050000183074285570715,16/05/2025,300058,654.0,Fórmula Magistral Cápsulas Minoxidil 2.5mg,1.0,11.0,11.0,0.0,0.0,False
Factura (25).xml,1605202501179222137400120010050000183074285570715,1605202501179222137400120010050000183074285570715,16/05/2025,300059,1088102.0,Fórmula Magistral Cápsulas Minoxidil 2.5mg Dutasteride 0.5mg,10.0,17.5,0.0,175.0,0.0,False
Factura (25).xml,1605202501179222137400120010050000183074285570715,1605202501179222137400120010050000183074285570715,16/05/2025,300059,1088102.0,Fórmula Magistral Cápsulas Minoxidil 2.5mg Dutasteride 0.5mg,1.0,17.5,17.5,0.0,0.0,False
Factura (25).xml,1605202501179222137400120010050000183074285570715,1605202501179222137400120010050000183074285570715,16/05/2025,300095,108896.0,Fórmula Magistral Cápsulas Minoxidil Forte 5mg,10.0,12.0,0.0,120.0,0.0,False
Factura (25).xml,1605202501179222137400120010050000183074285570715,1605202501179222137400120010050000183074285570715,16/05/2025,300095,108896.0,Fórmula Magistral Cápsulas Minoxidil Forte 5mg,1.0,12.0,12.0,0.0,0.0,False
Factura (26).xml,2605202501179222137400120010050000184154291672113,2605202501179222137400120010050000184154291672113,26/05/2025,400045,8423372025006,Pilopeptan Intensive,5.0,44.5,0.0,222.5,33.38,False
Factura (26).xml,2605202501179222137400120010050000184154291672113,2605202501179222137400120010050000184154291672113,26/05/2025,400045,8423372025006,Pilopeptan Intensive,1.0,44.5,44.5,0.0,0.0,False
Factura (27).xml,2805202501179222137400120010050000184474293125512,2805202501179222137400120010050000184474293125512,28/05/2025,300059,1088102.0,Fórmula Magistral Cápsulas Minoxidil 2.5mg Dutasteride 0.5mg,10.0,17.5,0.0,175.0,0.0,False
Factura (27).xml,2805202501179222137400120010050000184474293125512,2805202501179222137400120010050000184474293125512,28/05/2025,300059,1088102.0,Fórmula Magistral Cápsulas Minoxidil 2.5mg Dutasteride 0.5mg,1.0,17.5,17.5,0.0,0.0,False
Factura (28).xml,0206202501179222137400120010050000185034296335114,0206202501179222137400120010050000185034296335114,02/06/2025,500009,7868000495126,Loción Antitranspirante 200ml,5.0,17.11,0.0,85.55,12.83,False
Factura (28).xml,0206202501179222137400120010050000185034296335114,0206202501179222137400120010050000185034296335114,02/06/2025,500009,7868000495126,Loción Antitranspirante 200ml,1.0,17.11,17.11,0.0,0.0,False
Factura (28).xml,0206202501179222137400120010050000185034296335114,0206202501179222137400120010050000185034296335114,02/06/2025,400052,8423372800467,Pilopeptan Woman - 5 alpha,5.0,39.0,0.0,195.0,29.25,False
Factura (28).xml,0206202501179222137400120010050000185034296335114,0206202501179222137400120010050000185034296335114,02/06/2025,400052,8423372800467,Pilopeptan Woman - 5 alpha,1.0,39.0,39.0,0.0,0.0,False
Factura (28).xml,0206202501179222137400120010050000185034296335114,0206202501179222137400120010050000185034296335114,02/06/2025,400053,8423372800061,Pilopeptan Woman - Comprimidos,5.0,39.0,0.0,195.0,29.25,False
Factura (28).xml,0206202501179222137400120010050000185034296335114,0206202501179222137400120010050000185034296335114,02/06/2025,400053,8423372800061,Pilopeptan Woman - Comprimidos,1.0,39.0,39.0,0.0,0.0,False
Factura (29).xml,1006202501179222137400120010050000186514302342217,1006202501179222137400120010050000186514302342217,10/06/2025,300024,220302.0,Fórmula Magistral Cápsulas Dutasteride 0.5mg,10.0,12.0,0.0,120.0,0.0,False
Factura (29).xml,1006202501179222137400120010050000186514302342217,1006202501179222137400120010050000186514302342217,10/06/2025,300024,220302.0,Fórmula Magistral Cápsulas Dutasteride 0.5mg,1.0,12.0,12.0,0.0,0.0,False
Factura (29).xml,1006202501179222137400120010050000186514302342217,1006202501179222137400120010050000186514302342217,10/06/2025,300059,1088102.0,Fórmula Magistral Cápsulas Minoxidil 2.5mg Dutasteride 0.5mg,10.0,17.5,0.0,175.0,0.0,False
Factura (29).xml,1006202501179222137400120010050000186514302342217,1006202501179222137400120010050000186514302342217,10/06/2025,300059,1088102.0,Fórmula Magistral Cápsulas Minoxidil 2.5mg Dutasteride 0.5mg,1.0,17.5,17.5,0.0,0.0,False
Factura (29).xml,1006202501179222137400120010050000186514302342217,1006202501179222137400120010050000186514302342217,10/06/2025,300066,1088106.0,Fórmula Magistral Cápsulas Minoxidil 2.5mg Finasteride 2.5mg,10.0,20.0,0.0,200.0,0.0,False
Factura (29).xml,1006202501179222137400120010050000186514302342217,1006202501179222137400120010050000186514302342217,10/06/2025,300066,1088106.0,Fórmula Magistral Cápsulas Minoxidil 2.5mg Finasteride 2.5mg,1.0,20.0,20.0,0.0,0.0,False
Factura (3).xml,2801202501179222137400120010050000167864213769718,2801202501179222137400120010050000167864213769718,28/01/2025,500001,7868000495164,5-Fluorouracilo 5%  30g,5.0,16.8,0.0,84.0,0.0,False
Factura (3).xml,2801202501179222137400120010050000167864213769718,2801202501179222137400120010050000167864213769718,28/01/2025,500001,7868000495164,5-Fluorouracilo 5%  30g,1.0,16.8,16.8,0.0,0.0,False
Factura (3).xml,2801202501179222137400120010050000167864213769718,2801202501179222137400120010050000167864213769718,28/01/2025,500008,7868000495133,Loción Antitranspirante 100ml,5.0,10.42,0.0,52.1,7.82,False
Factura (3).xml,2801202501179222137400120010050000167864213769718,2801202501179222137400120010050000167864213769718,28/01/2025,500008,7868000495133,Loción Antitranspirante 100ml,1.0,10.42,10.42,0.0,0.0,False
Factura (3).xml,2801202501179222137400120010050000167864213769718,2801202501179222137400120010050000167864213769718,28/01/2025,400042,8423372026010,Pilopeptan Champú - Hombre,5.0,22.75,0.0,113.75,17.06,False
Factura (3).xml,2801202501179222137400120010050000167864213769718,2801202501179222137400120010050000167864213769718,28/01/2025,400042,8423372026010,Pilopeptan Champú - Hombre,1.0,22.75,22.75,0.0,0.0,False
Factura (30).xml,1106202501179222137400120010050000186844302917516,1106202501179222137400120010050000186844302917516,11/06/2025,500001,7868000495164,5-Fluorouracilo 5% 30g,5.0,16.8,0.0,84.0,0.0,False
Factura (30).xml,1106202501179222137400120010050000186844302917516,1106202501179222137400120010050000186844302917516,11/06/2025,500001,7868000495164,5-Fluorouracilo 5% 30g,1.0,16.8,0.0,16.8,0.0,False
Factura (30).xml,1106202501179222137400120010050000186844302917516,1106202501179222137400120010050000186844302917516,11/06/2025,400050,8423372025082,Pilopeptan SEB-DS Cápsulas,4.0,34.72,0.0,138.88,20.83,False
Factura (30).xml,1106202501179222137400120010050000186844302917516,1106202501179222137400120010050000186844302917516,11/06/2025,400050,8423372025082,Pilopeptan SEB-DS Cápsulas,1.0,34.72,34.72,0.0,0.0,False
Factura (31).xml,1106202501179222137400120010050000186754302656314,1106202501179222137400120010050000186754302656314,11/06/2025,400045,8423372025006,Pilopeptan Intensive,10.0,44.5,0.0,445.0,66.75,False
Factura (31).xml,1106202501179222137400120010050000186754302656314,1106202501179222137400120010050000186754302656314,11/06/2025,400045,8423372025006,Pilopeptan Intensive,3.0,44.5,133.5,0.0,0.0,False
Factura (32).xml,1206202501179222137400120010050000186994303559318,1206202501179222137400120010050000186994303559318,12/06/2025,400047,8423372840210,Pilopeptan Mascarilla Capilar Woman,5.0,25.88,0.0,129.4,19.41,False
Factura (32).xml,1206202501179222137400120010050000186994303559318,1206202501179222137400120010050000186994303559318,12/06/2025,400047,8423372840210,Pilopeptan Mascarilla Capilar Woman,1.0,25.88,25.88,0.0,0.0,False
Factura (32).xml,1206202501179222137400120010050000186994303559318,1206202501179222137400120010050000186994303559318,12/06/2025,400052,8423372800467,Pilopeptan Woman - 5 alpha,5.0,39.0,0.0,195.0,29.25,False
Factura (32).xml,1206202501179222137400120010050000186994303559318,1206202501179222137400120010050000186994303559318,12/06/2025,400052,8423372800467,Pilopeptan Woman - 5 alpha,1.0,39.0,39.0,0.0,0.0,False
Factura (33).xml,1606202501179222137400120010050000187244306089013,1606202501179222137400120010050000187244306089013,16/06/2025,400053,8423372800061,Pilopeptan Woman - Comprimidos,5.0,39.0,0.0,195.0,29.25,False
Factura (33).xml,1606202501179222137400120010050000187244306089013,1606202501179222137400120010050000187244306089013,16/06/2025,400053,8423372800061,Pilopeptan Woman - Comprimidos,1.0,39.0,39.0,0.0,0.0,False
Factura (34).xml,1606202501179222137400120010050000187334306442510,1606202501179222137400120010050000187334306442510,16/06/2025,300052,108895.0,Fórmula Magistral Cápsulas Minoxidil 1mg,10.0,10.0,0.0,100.0,0.0,False
Factura (34).xml,1606202501179222137400120010050000187334306442510,1606202501179222137400120010050000187334306442510,16/06/2025,300052,108895.0,Fórmula Magistral Cápsulas Minoxidil 1mg,1.0,10.0,10.0,0.0,0.0,False
Factura (34).xml,1606202501179222137400120010050000187334306442510,1606202501179222137400120010050000187334306442510,16/06/2025,300059,1088102.0,Fórmula Magistral Cápsulas Minoxidil 2.5mg Dutasteride 0.5mg,24.0,17.5,0.0,420.0,0.0,False
Factura (34).xml,1606202501179222137400120010050000187334306442510,1606202501179222137400120010050000187334306442510,16/06/2025,300059,1088102.0,Fórmula Magistral Cápsulas Minoxidil 2.5mg Dutasteride 0.5mg,3.0,17.5,52.5,0.0,0.0,False
Factura (34).xml,1606202501179222137400120010050000187334306442510,1606202501179222137400120010050000187334306442510,16/06/2025,300095,108896.0,Fórmula Magistral Cápsulas Minoxidil Forte 5mg,10.0,12.0,0.0,120.0,0.0,False
Factura (34).xml,1606202501179222137400120010050000187334306442510,1606202501179222137400120010050000187334306442510,16/06/2025,300095,108896.0,Fórmula Magistral Cápsulas Minoxidil Forte 5mg,1.0,12.0,12.0,0.0,0.0,False
Factura (35).xml,1706202501179222137400120010050000187414306997911,1706202501179222137400120010050000187414306997911,17/06/2025,500005,736372176271,Anthemis Talco 120gr,20.0,11.52,0.0,230.4,34.56,False
Factura (35).xml,1706202501179222137400120010050000187414306997911,1706202501179222137400120010050000187414306997911,17/06/2025,500005,736372176271,Anthemis Talco 120gr,7.0,11.52,80.64,0.0,0.0,False
Factura (36).xml,1706202501179222137400120010050000187404306996810,1706202501179222137400120010050000187404306996810,17/06/2025,400045,8423372025006,Pilopeptan Intensive,4.0,44.5,0.0,178.0,26.7,False
Factura (36).xml,1706202501179222137400120010050000187404306996810,1706202501179222137400120010050000187404306996810,17/06/2025,400045,8423372025006,Pilopeptan Intensive,1.0,44.5,44.5,0.0,0.0,False
Factura (37).xml,1906202501179222137400120010050000187874308363012,1906202501179222137400120010050000187874308363012,19/06/2025,400004,8423372040009,FluidBase Rederm Gel Forte AHA 15%,5.0,30.75,0.0,153.75,23.06,False
Factura (37).xml,1906202501179222137400120010050000187874308363012,1906202501179222137400120010050000187874308363012,19/06/2025,400004,8423372040009,FluidBase Rederm Gel Forte AHA 15%,1.0,30.75,30.75,0.0,0.0,False
Factura (37).xml,1906202501179222137400120010050000187874308363012,1906202501179222137400120010050000187874308363012,19/06/2025,400005,8423372040023,FluidBase Rederm Loción AHA 10%,5.0,30.69,0.0,153.45,23.02,False
Factura (37).xml,1906202501179222137400120010050000187874308363012,1906202501179222137400120010050000187874308363012,19/06/2025,400005,8423372040023,FluidBase Rederm Loción AHA 10%,1.0,30.69,30.69,0.0,0.0,False
Factura (37).xml,1906202501179222137400120010050000187874308363012,1906202501179222137400120010050000187874308363012,19/06/2025,400044,8423372840173,Pilopeptan Champú - Woman,5.0,25.29,0.0,126.45,18.97,False
Factura (37).xml,1906202501179222137400120010050000187874308363012,1906202501179222137400120010050000187874308363012,19/06/2025,400044,8423372840173,Pilopeptan Champú - Woman,1.0,25.29,25.29,0.0,0.0,False
Factura (38).xml,1906202501179222137400120010050000188014308646019,1906202501179222137400120010050000188014308646019,19/06/2025,300025,1088111.0,Fórmula Magistral Cápsulas Dutasteride 1mg,10.0,15.4,0.0,154.0,0.0,False
Factura (38).xml,1906202501179222137400120010050000188014308646019,1906202501179222137400120010050000188014308646019,19/06/2025,300025,1088111.0,Fórmula Magistral Cápsulas Dutasteride 1mg,1.0,15.4,15.4,0.0,0.0,False
Factura (38).xml,1906202501179222137400120010050000188014308646019,1906202501179222137400120010050000188014308646019,19/06/2025,300058,654.0,Fórmula Magistral Cápsulas Minoxidil 2.5mg,10.0,12.1,0.0,121.0,0.0,False
Factura (38).xml,1906202501179222137400120010050000188014308646019,1906202501179222137400120010050000188014308646019,19/06/2025,300058,654.0,Fórmula Magistral Cápsulas Minoxidil 2.5mg,1.0,12.1,12.1,0.0,0.0,False
Factura (39).xml,2306202501179222137400120010050000188464311126516,2306202501179222137400120010050000188464311126516,23/06/2025,300059,1088102.0,Fórmula Magistral Cápsulas Minoxidil 2.5mg Dutasteride 0.5mg,10.0,19.35,0.0,193.5,0.0,False
Factura (39).xml,2306202501179222137400120010050000188464311126516,2306202501179222137400120010050000188464311126516,23/06/2025,300059,1088102.0,Fórmula Magistral Cápsulas Minoxidil 2.5mg Dutasteride 0.5mg,1.0,19.35,19.35,0.0,0.0,False
Factura (4).xml,0801202501179222137400120010050000164424199691818,0801202501179222137400120010050000164424199691818,08/01/2025,300058,00654,Fórmula Magistral Cápsulas Minoxidil 2.5mg,10.0,11.0,0.0,110.0,0.0,False
Factura (4).xml,0801202501179222137400120010050000164424199691818,0801202501179222137400120010050000164424199691818,08/01/2025,300058,00654,Fórmula Magistral Cápsulas Minoxidil 2.5mg,1.0,11.0,11.0,0.0,0.0,False
Factura (4).xml,0801202501179222137400120010050000164424199691818,0801202501179222137400120010050000164424199691818,08/01/2025,300059,1088102,Fórmula Magistral Cápsulas Minoxidil 2.5mg Dutasteride 0.5mg,10.0,17.5,0.0,175.0,0.0,False
Factura (4).xml,0801202501179222137400120010050000164424199691818,0801202501179222137400120010050000164424199691818,08/01/2025,300059,1088102,Fórmula Magistral Cápsulas Minoxidil 2.5mg Dutasteride 0.5mg,1.0,17.5,17.5,0.0,0.0,False
Factura (4).xml,0801202501179222137400120010050000164424199691818,0801202501179222137400120010050000164424199691818,08/01/2025,300095,108896,Fórmula Magistral Cápsulas Minoxidil Forte 5mg,10.0,13.5,0.0,135.0,0.0,False
Factura (4).xml,0801202501179222137400120010050000164424199691818,0801202501179222137400120010050000164424199691818,08/01/2025,300095,108896,Fórmula Magistral Cápsulas Minoxidil Forte 5mg,1.0,13.5,13.5,0.0,0.0,False
Factura (40).xml,2406202501179222137400120010050000188504311556010,2406202501179222137400120010050000188504311556010,24/06/2025,300052,108895.0,Fórmula Magistral Cápsulas Minoxidil 1mg,10.0,11.0,0.0,110.0,0.0,False
Factura (40).xml,2406202501179222137400120010050000188504311556010,2406202501179222137400120010050000188504311556010,24/06/2025,300052,108895.0,Fórmula Magistral Cápsulas Minoxidil 1mg,1.0,11.0,11.0,0.0,0.0,False
Factura (40).xml,2406202501179222137400120010050000188504311556010,2406202501179222137400120010050000188504311556010,24/06/2025,300084,108899.0,Fórmula Magistral Cápsulas Minoxidil 5mg Dutasteride 0.5mg,10.0,20.9,0.0,209.0,0.0,False
Factura (40).xml,2406202501179222137400120010050000188504311556010,2406202501179222137400120010050000188504311556010,24/06/2025,300084,108899.0,Fórmula Magistral Cápsulas Minoxidil 5mg Dutasteride 0.5mg,1.0,20.9,20.9,0.0,0.0,False
Factura (41).xml,2406202501179222137400120010050000188514311556318,2406202501179222137400120010050000188514311556318,24/06/2025,400045,8423372025006,Pilopeptan Intensive,10.0,44.5,0.0,445.0,66.75,False
Factura (41).xml,2406202501179222137400120010050000188514311556318,2406202501179222137400120010050000188514311556318,24/06/2025,400045,8423372025006,Pilopeptan Intensive,3.0,44.5,133.5,0.0,0.0,False
Factura (42).xml,0206202501179222137400120010050000185034296335114,0206202501179222137400120010050000185034296335114,02/06/2025,500009,7868000495126,Loción Antitranspirante 200ml,5.0,17.11,0.0,85.55,12.83,False
Factura (42).xml,0206202501179222137400120010050000185034296335114,0206202501179222137400120010050000185034296335114,02/06/2025,500009,7868000495126,Loción Antitranspirante 200ml,1.0,17.11,17.11,0.0,0.0,False
Factura (42).xml,0206202501179222137400120010050000185034296335114,0206202501179222137400120010050000185034296335114,02/06/2025,400052,8423372800467,Pilopeptan Woman - 5 alpha,5.0,39.0,0.0,195.0,29.25,False
Factura (42).xml,0206202501179222137400120010050000185034296335114,0206202501179222137400120010050000185034296335114,02/06/2025,400052,8423372800467,Pilopeptan Woman - 5 alpha,1.0,39.0,39.0,0.0,0.0,False
Factura (42).xml,0206202501179222137400120010050000185034296335114,0206202501179222137400120010050000185034296335114,02/06/2025,400053,8423372800061,Pilopeptan Woman - Comprimidos,5.0,39.0,0.0,195.0,29.25,False
Factura (42).xml,0206202501179222137400120010050000185034296335114,0206202501179222137400120010050000185034296335114,02/06/2025,400053,8423372800061,Pilopeptan Woman - Comprimidos,1.0,39.0,39.0,0.0,0.0,False
Factura (43).xml,1006202501179222137400120010050000186514302342217,1006202501179222137400120010050000186514302342217,10/06/2025,300024,220302.0,Fórmula Magistral Cápsulas Dutasteride 0.5mg,10.0,12.0,0.0,120.0,0.0,False
Factura (43).xml,1006202501179222137400120010050000186514302342217,1006202501179222137400120010050000186514302342217,10/06/2025,300024,220302.0,Fórmula Magistral Cápsulas Dutasteride 0.5mg,1.0,12.0,12.0,0.0,0.0,False
Factura (43).xml,1006202501179222137400120010050000186514302342217,1006202501179222137400120010050000186514302342217,10/06/2025,300059,1088102.0,Fórmula Magistral Cápsulas Minoxidil 2.5mg Dutasteride 0.5mg,10.0,17.5,0.0,175.0,0.0,False
Factura (43).xml,1006202501179222137400120010050000186514302342217,1006202501179222137400120010050000186514302342217,10/06/2025,300059,1088102.0,Fórmula Magistral Cápsulas Minoxidil 2.5mg Dutasteride 0.5mg,1.0,17.5,17.5,0.0,0.0,False
Factura (43).xml,1006202501179222137400120010050000186514302342217,1006202501179222137400120010050000186514302342217,10/06/2025,300066,1088106.0,Fórmula Magistral Cápsulas Minoxidil 2.5mg Finasteride 2.5mg,10.0,20.0,0.0,200.0,0.0,False
Factura (43).xml,1006202501179222137400120010050000186514302342217,1006202501179222137400120010050000186514302342217,10/06/2025,300066,1088106.0,Fórmula Magistral Cápsulas Minoxidil 2.5mg Finasteride 2.5mg,1.0,20.0,20.0,0.0,0.0,False
Factura (44).xml,1106202501179222137400120010050000186844302917516,1106202501179222137400120010050000186844302917516,11/06/2025,500001,7868000495164,5-Fluorouracilo 5% 30g,5.0,16.8,0.0,84.0,0.0,False
Factura (44).xml,1106202501179222137400120010050000186844302917516,1106202501179222137400120010050000186844302917516,11/06/2025,500001,7868000495164,5-Fluorouracilo 5% 30g,1.0,16.8,0.0,16.8,0.0,False
Factura (44).xml,1106202501179222137400120010050000186844302917516,1106202501179222137400120010050000186844302917516,11/06/2025,400050,8423372025082,Pilopeptan SEB-DS Cápsulas,4.0,34.72,0.0,138.88,20.83,False
Factura (44).xml,1106202501179222137400120010050000186844302917516,1106202501179222137400120010050000186844302917516,11/06/2025,400050,8423372025082,Pilopeptan SEB-DS Cápsulas,1.0,34.72,34.72,0.0,0.0,False
Factura (45).xml,1106202501179222137400120010050000186754302656314,1106202501179222137400120010050000186754302656314,11/06/2025,400045,8423372025006,Pilopeptan Intensive,10.0,44.5,0.0,445.0,66.75,False
Factura (45).xml,1106202501179222137400120010050000186754302656314,1106202501179222137400120010050000186754302656314,11/06/2025,400045,8423372025006,Pilopeptan Intensive,3.0,44.5,133.5,0.0,0.0,False
Factura (46).xml,1206202501179222137400120010050000186994303559318,1206202501179222137400120010050000186994303559318,12/06/2025,400047,8423372840210,Pilopeptan Mascarilla Capilar Woman,5.0,25.88,0.0,129.4,19.41,False
Factura (46).xml,1206202501179222137400120010050000186994303559318,1206202501179222137400120010050000186994303559318,12/06/2025,400047,8423372840210,Pilopeptan Mascarilla Capilar Woman,1.0,25.88,25.88,0.0,0.0,False
Factura (46).xml,1206202501179222137400120010050000186994303559318,1206202501179222137400120010050000186994303559318,12/06/2025,400052,8423372800467,Pilopeptan Woman - 5 alpha,5.0,39.0,0.0,195.0,29.25,False
Factura (46).xml,1206202501179222137400120010050000186994303559318,1206202501179222137400120010050000186994303559318,12/06/2025,400052,8423372800467,Pilopeptan Woman - 5 alpha,1.0,39.0,39.0,0.0,0.0,False
Factura (47).xml,1606202501179222137400120010050000187244306089013,1606202501179222137400120010050000187244306089013,16/06/2025,400053,8423372800061,Pilopeptan Woman - Comprimidos,5.0,39.0,0.0,195.0,29.25,False
Factura (47).xml,1606202501179222137400120010050000187244306089013,1606202501179222137400120010050000187244306089013,16/06/2025,400053,8423372800061,Pilopeptan Woman - Comprimidos,1.0,39.0,39.0,0.0,0.0,False
Factura (48).xml,1606202501179222137400120010050000187334306442510,1606202501179222137400120010050000187334306442510,16/06/2025,300052,108895.0,Fórmula Magistral Cápsulas Minoxidil 1mg,10.0,10.0,0.0,100.0,0.0,False
Factura (48).xml,1606202501179222137400120010050000187334306442510,1606202501179222137400120010050000187334306442510,16/06/2025,300052,108895.0,Fórmula Magistral Cápsulas Minoxidil 1mg,1.0,10.0,10.0,0.0,0.0,False
Factura (48).xml,1606202501179222137400120010050000187334306442510,1606202501179222137400120010050000187334306442510,16/06/2025,300059,1088102.0,Fórmula Magistral Cápsulas Minoxidil 2.5mg Dutasteride 0.5mg,24.0,17.5,0.0,420.0,0.0,False
Factura (48).xml,1606202501179222137400120010050000187334306442510,1606202501179222137400120010050000187334306442510,16/06/2025,300059,1088102.0,Fórmula Magistral Cápsulas Minoxidil 2.5mg Dutasteride 0.5mg,3.0,17.5,52.5,0.0,0.0,False
Factura (48).xml,1606202501179222137400120010050000187334306442510,1606202501179222137400120010050000187334306442510,16/06/2025,300095,108896.0,Fórmula Magistral Cápsulas Minoxidil Forte 5mg,10.0,12.0,0.0,120.0,0.0,False
Factura (48).xml,1606202501179222137400120010050000187334306442510,1606202501179222137400120010050000187334306442510,16/06/2025,300095,108896.0,Fórmula Magistral Cápsulas Minoxidil Forte 5mg,1.0,12.0,12.0,0.0,0.0,False
Factura (49).xml,1706202501179222137400120010050000187414306997911,1706202501179222137400120010050000187414306997911,17/06/2025,500005,736372176271,Anthemis Talco 120gr,20.0,11.52,0.0,230.4,34.56,False
Factura (49).xml,1706202501179222137400120010050000187414306997911,1706202501179222137400120010050000187414306997911,17/06/2025,500005,736372176271,Anthemis Talco 120gr,7.0,11.52,80.64,0.0,0.0,False
Factura (5).xml,0801202501179222137400120010050000164434199693115,0801202501179222137400120010050000164434199693115,08/01/2025,500005,0736372176271,Anthemis Talco 120gr,1.0,11.52,0.0,11.52,1.73,False
Factura (5).xml,0801202501179222137400120010050000164434199693115,0801202501179222137400120010050000164434199693115,08/01/2025,400047,8423372840210,Pilopeptan Mascarilla Capilar Woman,5.0,25.88,0.0,129.4,19.41,False
Factura (5).xml,0801202501179222137400120010050000164434199693115,0801202501179222137400120010050000164434199693115,08/01/2025,400047,8423372840210,Pilopeptan Mascarilla Capilar Woman,1.0,25.88,25.88,0.0,0.0,False
Factura (5).xml,0801202501179222137400120010050000164434199693115,0801202501179222137400120010050000164434199693115,08/01/2025,400049,8423372025051,Pilopeptan Reparador Uñas - Gel,5.0,16.0,0.0,80.0,12.0,False
Factura (5).xml,0801202501179222137400120010050000164434199693115,0801202501179222137400120010050000164434199693115,08/01/2025,400049,8423372025051,Pilopeptan Reparador Uñas - Gel,1.0,16.0,16.0,0.0,0.0,False
Factura (5).xml,0801202501179222137400120010050000164434199693115,0801202501179222137400120010050000164434199693115,08/01/2025,400051,8423372800153,Pilopeptan Sérum - Reparador Capilar 30ml,5.0,19.0,0.0,95.0,14.25,False
Factura (5).xml,0801202501179222137400120010050000164434199693115,0801202501179222137400120010050000164434199693115,08/01/2025,400051,8423372800153,Pilopeptan Sérum - Reparador Capilar 30ml,1.0,19.0,19.0,0.0,0.0,False
Factura (50).xml,1706202501179222137400120010050000187404306996810,1706202501179222137400120010050000187404306996810,17/06/2025,400045,8423372025006,Pilopeptan Intensive,4.0,44.5,0.0,178.0,26.7,False
Factura (50).xml,1706202501179222137400120010050000187404306996810,1706202501179222137400120010050000187404306996810,17/06/2025,400045,8423372025006,Pilopeptan Intensive,1.0,44.5,44.5,0.0,0.0,False
Factura (51).xml,1906202501179222137400120010050000187874308363012,1906202501179222137400120010050000187874308363012,19/06/2025,400004,8423372040009,FluidBase Rederm Gel Forte AHA 15%,5.0,30.75,0.0,153.75,23.06,False
Factura (51).xml,1906202501179222137400120010050000187874308363012,1906202501179222137400120010050000187874308363012,19/06/2025,400004,8423372040009,FluidBase Rederm Gel Forte AHA 15%,1.0,30.75,30.75,0.0,0.0,False
Factura (51).xml,1906202501179222137400120010050000187874308363012,1906202501179222137400120010050000187874308363012,19/06/2025,400005,8423372040023,FluidBase Rederm Loción AHA 10%,5.0,30.69,0.0,153.45,23.02,False
Factura (51).xml,1906202501179222137400120010050000187874308363012,1906202501179222137400120010050000187874308363012,19/06/2025,400005,8423372040023,FluidBase Rederm Loción AHA 10%,1.0,30.69,30.69,0.0,0.0,False
Factura (51).xml,1906202501179222137400120010050000187874308363012,1906202501179222137400120010050000187874308363012,19/06/2025,400044,8423372840173,Pilopeptan Champú - Woman,5.0,25.29,0.0,126.45,18.97,False
Factura (51).xml,1906202501179222137400120010050000187874308363012,1906202501179222137400120010050000187874308363012,19/06/2025,400044,8423372840173,Pilopeptan Champú - Woman,1.0,25.29,25.29,0.0,0.0,False
Factura (52).xml,1906202501179222137400120010050000188014308646019,1906202501179222137400120010050000188014308646019,19/06/2025,300025,1088111.0,Fórmula Magistral Cápsulas Dutasteride 1mg,10.0,15.4,0.0,154.0,0.0,False
Factura (52).xml,1906202501179222137400120010050000188014308646019,1906202501179222137400120010050000188014308646019,19/06/2025,300025,1088111.0,Fórmula Magistral Cápsulas Dutasteride 1mg,1.0,15.4,15.4,0.0,0.0,False
Factura (52).xml,1906202501179222137400120010050000188014308646019,1906202501179222137400120010050000188014308646019,19/06/2025,300058,654.0,Fórmula Magistral Cápsulas Minoxidil 2.5mg,10.0,12.1,0.0,121.0,0.0,False
Factura (52).xml,1906202501179222137400120010050000188014308646019,1906202501179222137400120010050000188014308646019,19/06/2025,300058,654.0,Fórmula Magistral Cápsulas Minoxidil 2.5mg,1.0,12.1,12.1,0.0,0.0,False
Factura (53).xml,2306202501179222137400120010050000188464311126516,2306202501179222137400120010050000188464311126516,23/06/2025,300059,1088102.0,Fórmula Magistral Cápsulas Minoxidil 2.5mg Dutasteride 0.5mg,10.0,19.35,0.0,193.5,0.0,False
Factura (53).xml,2306202501179222137400120010050000188464311126516,2306202501179222137400120010050000188464311126516,23/06/2025,300059,1088102.0,Fórmula Magistral Cápsulas Minoxidil 2.5mg Dutasteride 0.5mg,1.0,19.35,19.35,0.0,0.0,False
Factura (54).xml,2406202501179222137400120010050000188504311556010,2406202501179222137400120010050000188504311556010,24/06/2025,300052,108895.0,Fórmula Magistral Cápsulas Minoxidil 1mg,10.0,11.0,0.0,110.0,0.0,False
Factura (54).xml,2406202501179222137400120010050000188504311556010,2406202501179222137400120010050000188504311556010,24/06/2025,300052,108895.0,Fórmula Magistral Cápsulas Minoxidil 1mg,1.0,11.0,11.0,0.0,0.0,False
Factura (54).xml,2406202501179222137400120010050000188504311556010,2406202501179222137400120010050000188504311556010,24/06/2025,300084,108899.0,Fórmula Magistral Cápsulas Minoxidil 5mg Dutasteride 0.5mg,10.0,20.9,0.0,209.0,0.0,False
Factura (54).xml,2406202501179222137400120010050000188504311556010,2406202501179222137400120010050000188504311556010,24/06/2025,300084,108899.0,Fórmula Magistral Cápsulas Minoxidil 5mg Dutasteride 0.5mg,1.0,20.9,20.9,0.0,0.0,False
Factura (55).xml,2406202501179222137400120010050000188514311556318,2406202501179222137400120010050000188514311556318,24/06/2025,400045,8423372025006,Pilopeptan Intensive,10.0,44.5,0.0,445.0,66.75,False
Factura (55).xml,2406202501179222137400120010050000188514311556318,2406202501179222137400120010050000188514311556318,24/06/2025,400045,8423372025006,Pilopeptan Intensive,3.0,44.5,133.5,0.0,0.0,False
Factura (56).xml,0708202501179222137400120010050000195074342016415,0708202501179222137400120010050000195074342016415,07/08/2025,500001,7868000495164,5-Fluorouracilo 5% 30g,5.0,16.8,0.0,84.0,0.0,False
Factura (56).xml,0708202501179222137400120010050000195074342016415,0708202501179222137400120010050000195074342016415,07/08/2025,500001,7868000495164,5-Fluorouracilo 5% 30g,1.0,16.8,16.8,0.0,0.0,False
Factura (57).xml,1308202501179222137400120010050000195544345723513,1308202501179222137400120010050000195544345723513,13/08/2025,500004,736372176295,Alkix-Tran Shampoo BMC 240gr,5.0,13.0,0.0,65.0,9.75,False
Factura (57).xml,1308202501179222137400120010050000195544345723513,1308202501179222137400120010050000195544345723513,13/08/2025,500004,736372176295,Alkix-Tran Shampoo BMC 240gr,1.0,13.0,13.0,0.0,0.0,False
Factura (57).xml,1308202501179222137400120010050000195544345723513,1308202501179222137400120010050000195544345723513,13/08/2025,400012,8423372000072,Genosun Pigment Repair,5.0,23.0,0.0,115.0,17.25,False
Factura (57).xml,1308202501179222137400120010050000195544345723513,1308202501179222137400120010050000195544345723513,13/08/2025,400012,8423372000072,Genosun Pigment Repair,1.0,23.0,23.0,0.0,0.0,False
Factura (58).xml,1408202501179222137400120010050000195894346099312,1408202501179222137400120010050000195894346099312,14/08/2025,500001,7868000495164,5-Fluorouracilo 5% 30g,5.0,16.8,0.0,84.0,0.0,False
Factura (58).xml,1408202501179222137400120010050000195894346099312,1408202501179222137400120010050000195894346099312,14/08/2025,500001,7868000495164,5-Fluorouracilo 5% 30g,1.0,16.8,16.8,0.0,0.0,False
Factura (58).xml,1408202501179222137400120010050000195894346099312,1408202501179222137400120010050000195894346099312,14/08/2025,400043,8423372000232,Pilopeptan Champú - SEB DS,5.0,19.0,0.0,95.0,14.25,False
Factura (58).xml,1408202501179222137400120010050000195894346099312,1408202501179222137400120010050000195894346099312,14/08/2025,400043,8423372000232,Pilopeptan Champú - SEB DS,1.0,19.0,19.0,0.0,0.0,False
Factura (58).xml,1408202501179222137400120010050000195894346099312,1408202501179222137400120010050000195894346099312,14/08/2025,400045,8423372025006,Pilopeptan Intensive,10.0,44.5,0.0,445.0,66.75,False
Factura (58).xml,1408202501179222137400120010050000195894346099312,1408202501179222137400120010050000195894346099312,14/08/2025,400045,8423372025006,Pilopeptan Intensive,3.0,44.5,133.5,0.0,0.0,False
Factura (59).xml,1808202501179222137400120010050000196324348918311,1808202501179222137400120010050000196324348918311,18/08/2025,300058,654.0,Fórmula Magistral Cápsulas Minoxidil 2.5mg,10.0,12.1,0.0,121.0,0.0,False
Factura (59).xml,1808202501179222137400120010050000196324348918311,1808202501179222137400120010050000196324348918311,18/08/2025,300058,654.0,Fórmula Magistral Cápsulas Minoxidil 2.5mg,1.0,12.1,12.1,0.0,0.0,False
Factura (59).xml,1808202501179222137400120010050000196324348918311,1808202501179222137400120010050000196324348918311,18/08/2025,300059,1088102.0,Fórmula Magistral Cápsulas Minoxidil 2.5mg Dutasteride 0.5mg,12.0,19.35,0.0,232.2,0.0,False
Factura (59).xml,1808202501179222137400120010050000196324348918311,1808202501179222137400120010050000196324348918311,18/08/2025,300059,1088102.0,Fórmula Magistral Cápsulas Minoxidil 2.5mg Dutasteride 0.5mg,3.0,19.35,58.05,0.0,0.0,False
Factura (59).xml,1808202501179222137400120010050000196324348918311,1808202501179222137400120010050000196324348918311,18/08/2025,300059,1088102.0,Fórmula Magistral Cápsulas Minoxidil 2.5mg Dutasteride 0.5mg,12.0,19.35,0.0,232.2,0.0,False
Factura (59).xml,1808202501179222137400120010050000196324348918311,1808202501179222137400120010050000196324348918311,18/08/2025,300095,108896.0,Fórmula Magistral Cápsulas Minoxidil Forte 5mg,10.0,13.3,0.0,133.0,0.0,False
Factura (59).xml,1808202501179222137400120010050000196324348918311,1808202501179222137400120010050000196324348918311,18/08/2025,300095,108896.0,Fórmula Magistral Cápsulas Minoxidil Forte 5mg,1.0,13.3,13.3,0.0,0.0,False
Factura (6).xml,0801202501179222137400120010050000164354199636312,0801202501179222137400120010050000164354199636312,08/01/2025,400045,8423372025006,Pilopeptan Intensive,5.0,44.5,0.0,222.5,33.38,False
Factura (6).xml,0801202501179222137400120010050000164354199636312,0801202501179222137400120010050000164354199636312,08/01/2025,400045,8423372025006,Pilopeptan Intensive,1.0,44.5,44.5,0.0,0.0,False
Factura (60).xml,1908202501179222137400120010050000196634349668517,1908202501179222137400120010050000196634349668517,19/08/2025,300084,108899.0,Fórmula Magistral Cápsulas Minoxidil 5mg Dutasteride 0.5mg,10.0,20.9,0.0,209.0,0.0,False
Factura (60).xml,1908202501179222137400120010050000196634349668517,1908202501179222137400120010050000196634349668517,19/08/2025,300084,108899.0,Fórmula Magistral Cápsulas Minoxidil 5mg Dutasteride 0.5mg,1.0,20.9,20.9,0.0,0.0,False
Factura (61).xml,1908202501179222137400120010050000196504349458414,1908202501179222137400120010050000196504349458414,19/08/2025,500001,7868000495164,5-Fluorouracilo 5% 30g,5.0,16.8,0.0,84.0,0.0,False
Factura (61).xml,1908202501179222137400120010050000196504349458414,1908202501179222137400120010050000196504349458414,19/08/2025,500001,7868000495164,5-Fluorouracilo 5% 30g,1.0,16.8,16.8,0.0,0.0,False
Factura (61).xml,1908202501179222137400120010050000196504349458414,1908202501179222137400120010050000196504349458414,19/08/2025,400042,8423372026010,Pilopeptan Champú - Hombre,5.0,22.75,0.0,113.75,17.06,False
Factura (61).xml,1908202501179222137400120010050000196504349458414,1908202501179222137400120010050000196504349458414,19/08/2025,400042,8423372026010,Pilopeptan Champú - Hombre,1.0,22.75,22.75,0.0,0.0,False
Factura (61).xml,1908202501179222137400120010050000196504349458414,1908202501179222137400120010050000196504349458414,19/08/2025,400049,8423372025051,Pilopeptan Reparador Uñas - Gel,5.0,16.0,0.0,80.0,12.0,False
Factura (61).xml,1908202501179222137400120010050000196504349458414,1908202501179222137400120010050000196504349458414,19/08/2025,400049,8423372025051,Pilopeptan Reparador Uñas - Gel,1.0,16.0,16.0,0.0,0.0,False
Factura (62).xml,2608202501179222137400120010050000197574354097413,2608202501179222137400120010050000197574354097413,26/08/2025,500009,7868000495126,Loción Antitranspirante 200ml,5.0,17.11,0.0,85.55,12.83,False
Factura (62).xml,2608202501179222137400120010050000197574354097413,2608202501179222137400120010050000197574354097413,26/08/2025,500009,7868000495126,Loción Antitranspirante 200ml,1.0,17.11,17.11,0.0,0.0,False
Factura (62).xml,2608202501179222137400120010050000197574354097413,2608202501179222137400120010050000197574354097413,26/08/2025,400050,8423372025082,Pilopeptan SEB-DS Cápsulas,5.0,34.72,0.0,173.6,26.04,False
Factura (62).xml,2608202501179222137400120010050000197574354097413,2608202501179222137400120010050000197574354097413,26/08/2025,400050,8423372025082,Pilopeptan SEB-DS Cápsulas,1.0,34.72,34.72,0.0,0.0,False
Factura (63).xml,0309202501179222137400120010050000198834358317516,0309202501179222137400120010050000198834358317516,03/09/2025,500001,7868000495164,5-Fluorouracilo 5% 30g,5.0,16.8,0.0,84.0,0.0,False
Factura (63).xml,0309202501179222137400120010050000198834358317516,0309202501179222137400120010050000198834358317516,03/09/2025,500001,7868000495164,5-Fluorouracilo 5% 30g,1.0,16.8,16.8,0.0,0.0,False
Factura (63).xml,0309202501179222137400120010050000198834358317516,0309202501179222137400120010050000198834358317516,03/09/2025,400045,8423372025006,Pilopeptan Intensive,10.0,44.5,0.0,445.0,66.75,False
Factura (63).xml,0309202501179222137400120010050000198834358317516,0309202501179222137400120010050000198834358317516,03/09/2025,400045,8423372025006,Pilopeptan Intensive,2.0,44.5,89.0,0.0,0.0,False
Factura (64).xml,0309202501179222137400120010050000198924358329114,0309202501179222137400120010050000198924358329114,03/09/2025,400007,8423372800290,Genocután Gel dermatológico 500ml,5.0,22.0,0.0,110.0,16.5,False
Factura (64).xml,0309202501179222137400120010050000198924358329114,0309202501179222137400120010050000198924358329114,03/09/2025,400007,8423372800290,Genocután Gel dermatológico 500ml,1.0,22.0,22.0,0.0,0.0,False
Factura (65).xml,0509202501179222137400120010050000199334359644219,0509202501179222137400120010050000199334359644219,05/09/2025,300059,1088102.0,Fórmula Magistral Cápsulas Minoxidil 2.5mg Dutasteride 0.5mg,10.0,19.35,0.0,193.5,0.0,False
Factura (65).xml,0509202501179222137400120010050000199334359644219,0509202501179222137400120010050000199334359644219,05/09/2025,300059,1088102.0,Fórmula Magistral Cápsulas Minoxidil 2.5mg Dutasteride 0.5mg,1.0,19.35,19.35,0.0,0.0,False
Factura (66).xml,1109202501179222137400120010050000200404362823013,1109202501179222137400120010050000200404362823013,11/09/2025,300059,1088102.0,Fórmula Magistral Cápsulas Minoxidil 2.5mg Dutasteride 0.5mg,14.0,19.35,0.0,270.9,0.0,False
Factura (66).xml,1109202501179222137400120010050000200404362823013,1109202501179222137400120010050000200404362823013,11/09/2025,300059,1088102.0,Fórmula Magistral Cápsulas Minoxidil 2.5mg Dutasteride 0.5mg,3.0,19.35,58.05,0.0,0.0,False
Factura (66).xml,1109202501179222137400120010050000200404362823013,1109202501179222137400120010050000200404362823013,11/09/2025,300059,1088102.0,Fórmula Magistral Cápsulas Minoxidil 2.5mg Dutasteride 0.5mg,10.0,19.35,0.0,193.5,0.0,False
Factura (67).xml,1209202501179222137400120010050000200464363119211,1209202501179222137400120010050000200464363119211,12/09/2025,500001,7868000495164,5-Fluorouracilo 5% 30g,5.0,16.8,0.0,84.0,0.0,False
Factura (67).xml,1209202501179222137400120010050000200464363119211,1209202501179222137400120010050000200464363119211,12/09/2025,500001,7868000495164,5-Fluorouracilo 5% 30g,1.0,16.8,16.8,0.0,0.0,False
Factura (67).xml,1209202501179222137400120010050000200464363119211,1209202501179222137400120010050000200464363119211,12/09/2025,500009,7868000495126,Loción Antitranspirante 200ml,5.0,17.11,0.0,85.55,12.83,False
Factura (67).xml,1209202501179222137400120010050000200464363119211,1209202501179222137400120010050000200464363119211,12/09/2025,500009,7868000495126,Loción Antitranspirante 200ml,1.0,17.11,17.11,0.0,0.0,False
Factura (67).xml,1209202501179222137400120010050000200464363119211,1209202501179222137400120010050000200464363119211,12/09/2025,400042,8423372026010,Pilopeptan Champú - Hombre,5.0,22.75,0.0,113.75,17.06,False
Factura (67).xml,1209202501179222137400120010050000200464363119211,1209202501179222137400120010050000200464363119211,12/09/2025,400042,8423372026010,Pilopeptan Champú - Hombre,1.0,22.75,22.75,0.0,0.0,False
Factura (67).xml,1209202501179222137400120010050000200464363119211,1209202501179222137400120010050000200464363119211,12/09/2025,400046,8423372000331,Pilopeptan Loción Formulable,5.0,27.0,0.0,135.0,20.25,False
Factura (67).xml,1209202501179222137400120010050000200464363119211,1209202501179222137400120010050000200464363119211,12/09/2025,400046,8423372000331,Pilopeptan Loción Formulable,1.0,27.0,27.0,0.0,0.0,False
Factura (68).xml,1510202501179222137400120010050000204544380863119,1510202501179222137400120010050000204544380863119,15/10/2025,300059,1088102.0,Fórmula Magistral Cápsulas Minoxidil 2.5mg Dutasteride 0.5mg,10.0,19.35,0.0,193.5,0.0,False
Factura (68).xml,1510202501179222137400120010050000204544380863119,1510202501179222137400120010050000204544380863119,15/10/2025,300059,1088102.0,Fórmula Magistral Cápsulas Minoxidil 2.5mg Dutasteride 0.5mg,1.0,19.35,19.35,0.0,0.0,False
Factura (68).xml,1510202501179222137400120010050000204544380863119,1510202501179222137400120010050000204544380863119,15/10/2025,400045,8423372025006,Pilopeptan Intensive,5.0,44.5,0.0,222.5,33.38,False
Factura (68).xml,1510202501179222137400120010050000204544380863119,1510202501179222137400120010050000204544380863119,15/10/2025,400045,8423372025006,Pilopeptan Intensive,1.0,44.5,44.5,0.0,0.0,False
Factura (69).xml,2210202501179222137400120010050000205574384992118,2210202501179222137400120010050000205574384992118,22/10/2025,300059,1088102.0,Fórmula Magistral Cápsulas Minoxidil 2.5mg Dutasteride 0.5mg,10.0,19.35,0.0,193.5,0.0,False
Factura (69).xml,2210202501179222137400120010050000205574384992118,2210202501179222137400120010050000205574384992118,22/10/2025,300059,1088102.0,Fórmula Magistral Cápsulas Minoxidil 2.5mg Dutasteride 0.5mg,1.0,19.35,19.35,0.0,0.0,False
Factura (7).xml,1001202501179222137400120010050000164954200990219,1001202501179222137400120010050000164954200990219,10/01/2025,400042,8423372026010,Pilopeptan Champú - Hombre,5.0,22.75,0.0,113.75,17.06,False
Factura (7).xml,1001202501179222137400120010050000164954200990219,1001202501179222137400120010050000164954200990219,10/01/2025,400042,8423372026010,Pilopeptan Champú - Hombre,1.0,22.75,22.75,0.0,0.0,False
Factura (7).xml,1001202501179222137400120010050000164954200990219,1001202501179222137400120010050000164954200990219,10/01/2025,400044,8423372840173,Pilopeptan Champú - Woman,5.0,25.29,0.0,126.45,18.97,False
Factura (7).xml,1001202501179222137400120010050000164954200990219,1001202501179222137400120010050000164954200990219,10/01/2025,400044,8423372840173,Pilopeptan Champú - Woman,1.0,25.29,25.29,0.0,0.0,False
Factura (70).xml,2910202501179222137400120010050000206774388955017,2910202501179222137400120010050000206774388955017,29/10/2025,300058,654.0,Fórmula Magistral Cápsulas Minoxidil 2.5mg,7.0,12.1,0.0,84.7,0.0,False
Factura (70).xml,2910202501179222137400120010050000206774388955017,2910202501179222137400120010050000206774388955017,29/10/2025,300058,654.0,Fórmula Magistral Cápsulas Minoxidil 2.5mg,1.0,12.1,12.1,0.0,0.0,False
Factura (70).xml,2910202501179222137400120010050000206774388955017,2910202501179222137400120010050000206774388955017,29/10/2025,300058,654.0,Fórmula Magistral Cápsulas Minoxidil 2.5mg,3.0,12.1,0.0,36.3,0.0,False
Factura (70).xml,2910202501179222137400120010050000206774388955017,2910202501179222137400120010050000206774388955017,29/10/2025,300095,108896.0,Fórmula Magistral Cápsulas Minoxidil Forte 5mg,10.0,13.3,0.0,133.0,0.0,False
Factura (70).xml,2910202501179222137400120010050000206774388955017,2910202501179222137400120010050000206774388955017,29/10/2025,300095,108896.0,Fórmula Magistral Cápsulas Minoxidil Forte 5mg,1.0,13.3,13.3,0.0,0.0,False
Factura (71).xml,1111202501179222137400120010050000207964395701318,1111202501179222137400120010050000207964395701318,11/11/2025,300059,1088102.0,Fórmula Magistral Cápsulas Minoxidil 2.5mg Dutasteride 0.5mg,10.0,19.35,0.0,193.5,0.0,False
Factura (71).xml,1111202501179222137400120010050000207964395701318,1111202501179222137400120010050000207964395701318,11/11/2025,300059,1088102.0,Fórmula Magistral Cápsulas Minoxidil 2.5mg Dutasteride 0.5mg,1.0,19.35,19.35,0.0,0.0,False
Factura (71).xml,1111202501179222137400120010050000207964395701318,1111202501179222137400120010050000207964395701318,11/11/2025,300066,1088106.0,Fórmula Magistral Cápsulas Minoxidil 2.5mg Finasteride 2.5mg,3.0,22.0,0.0,66.0,0.0,False
Factura (71).xml,1111202501179222137400120010050000207964395701318,1111202501179222137400120010050000207964395701318,11/11/2025,300066,1088106.0,Fórmula Magistral Cápsulas Minoxidil 2.5mg Finasteride 2.5mg,1.0,22.0,22.0,0.0,0.0,False
Factura (71).xml,1111202501179222137400120010050000207964395701318,1111202501179222137400120010050000207964395701318,11/11/2025,300066,1088106.0,Fórmula Magistral Cápsulas Minoxidil 2.5mg Finasteride 2.5mg,7.0,22.0,0.0,154.0,0.0,False
Factura (72).xml,1211202501179222137400120010050000208124396251413,1211202501179222137400120010050000208124396251413,12/11/2025,300084,108899.0,Fórmula Magistral Cápsulas Minoxidil 5mg Dutasteride 0.5mg,10.0,20.9,0.0,209.0,0.0,False
Factura (72).xml,1211202501179222137400120010050000208124396251413,1211202501179222137400120010050000208124396251413,12/11/2025,300084,108899.0,Fórmula Magistral Cápsulas Minoxidil 5mg Dutasteride 0.5mg,1.0,20.9,20.9,0.0,0.0,False
Factura (73).xml,1811202501179222137400120010050000209204399087716,1811202501179222137400120010050000209204399087716,18/11/2025,300059,1088102.0,Fórmula Magistral Cápsulas Minoxidil 2.5mg Dutasteride 0.5mg,2.0,19.35,0.0,38.7,0.0,False
Factura (73).xml,1811202501179222137400120010050000209204399087716,1811202501179222137400120010050000209204399087716,18/11/2025,300059,1088102.0,Fórmula Magistral Cápsulas Minoxidil 2.5mg Dutasteride 0.5mg,3.0,19.35,58.05,0.0,0.0,False
Factura (73).xml,1811202501179222137400120010050000209204399087716,1811202501179222137400120010050000209204399087716,18/11/2025,300059,1088102.0,Fórmula Magistral Cápsulas Minoxidil 2.5mg Dutasteride 0.5mg,22.0,19.35,0.0,425.7,0.0,False
Factura (74).xml,2811202501179222137400120010050000210764404881919,2811202501179222137400120010050000210764404881919,28/11/2025,500001,7868000495164,5-Fluorouracilo 5% 30g,5.0,16.8,0.0,84.0,0.0,False
Factura (74).xml,2811202501179222137400120010050000210764404881919,2811202501179222137400120010050000210764404881919,28/11/2025,500001,7868000495164,5-Fluorouracilo 5% 30g,1.0,16.8,16.8,0.0,0.0,False
Factura (74).xml,2811202501179222137400120010050000210764404881919,2811202501179222137400120010050000210764404881919,28/11/2025,400045,8423372025006,Pilopeptan Intensive,10.0,44.5,0.0,445.0,66.75,False
Factura (74).xml,2811202501179222137400120010050000210764404881919,2811202501179222137400120010050000210764404881919,28/11/2025,400045,8423372025006,Pilopeptan Intensive,2.0,44.5,89.0,0.0,0.0,False
Factura (75).xml,0212202501179222137400120010050000211284407178211,0212202501179222137400120010050000211284407178211,02/12/2025,500009,7868000495126,Loción Antitranspirante 200ml,5.0,17.11,0.0,85.55,12.83,False
Factura (75).xml,0212202501179222137400120010050000211284407178211,0212202501179222137400120010050000211284407178211,02/12/2025,500009,7868000495126,Loción Antitranspirante 200ml,1.0,17.11,17.11,0.0,0.0,False
Factura (75).xml,0212202501179222137400120010050000211284407178211,0212202501179222137400120010050000211284407178211,02/12/2025,400041,8423372025044,Pilopeptan Cápsulas - Hombre,5.0,29.92,0.0,149.6,22.44,False
Factura (75).xml,0212202501179222137400120010050000211284407178211,0212202501179222137400120010050000211284407178211,02/12/2025,400041,8423372025044,Pilopeptan Cápsulas - Hombre,1.0,29.92,29.92,0.0,0.0,False
Factura (75).xml,0212202501179222137400120010050000211284407178211,0212202501179222137400120010050000211284407178211,02/12/2025,400044,8423372840173,Pilopeptan Champú - Woman,5.0,25.29,0.0,126.45,18.97,False
Factura (75).xml,0212202501179222137400120010050000211284407178211,0212202501179222137400120010050000211284407178211,02/12/2025,400044,8423372840173,Pilopeptan Champú - Woman,1.0,25.29,25.29,0.0,0.0,False
Factura (76).xml,0212202501179222137400120010050000211204407097410,0212202501179222137400120010050000211204407097410,02/12/2025,300034,100822.0,Fórmula Magistral Cápsulas Finasteride 1mg,10.0,14.3,0.0,143.0,0.0,False
Factura (76).xml,0212202501179222137400120010050000211204407097410,0212202501179222137400120010050000211204407097410,02/12/2025,300034,100822.0,Fórmula Magistral Cápsulas Finasteride 1mg,1.0,14.3,14.3,0.0,0.0,False
Factura (76).xml,0212202501179222137400120010050000211204407097410,0212202501179222137400120010050000211204407097410,02/12/2025,300058,654.0,Fórmula Magistral Cápsulas Minoxidil 2.5mg,10.0,12.1,0.0,121.0,0.0,False
Factura (76).xml,0212202501179222137400120010050000211204407097410,0212202501179222137400120010050000211204407097410,02/12/2025,300058,654.0,Fórmula Magistral Cápsulas Minoxidil 2.5mg,1.0,12.1,12.1,0.0,0.0,False
Factura (76).xml,0212202501179222137400120010050000211204407097410,0212202501179222137400120010050000211204407097410,02/12/2025,300059,1088102.0,Fórmula Magistral Cápsulas Minoxidil 2.5mg Dutasteride 0.5mg,2.0,19.35,0.0,38.7,0.0,False
Factura (76).xml,0212202501179222137400120010050000211204407097410,0212202501179222137400120010050000211204407097410,02/12/2025,300059,1088102.0,Fórmula Magistral Cápsulas Minoxidil 2.5mg Dutasteride 0.5mg,1.0,19.35,19.35,0.0,0.0,False
Factura (76).xml,0212202501179222137400120010050000211204407097410,0212202501179222137400120010050000211204407097410,02/12/2025,300059,1088102.0,Fórmula Magistral Cápsulas Minoxidil 2.5mg Dutasteride 0.5mg,8.0,19.35,0.0,154.8,0.0,False
Factura (77).xml,1112202501179222137400120010050000212424412259510,1112202501179222137400120010050000212424412259510,11/12/2025,400052,8423372800467,Pilopeptan Woman - 5 alpha,5.0,39.0,0.0,195.0,29.25,False
Factura (77).xml,1112202501179222137400120010050000212424412259510,1112202501179222137400120010050000212424412259510,11/12/2025,400052,8423372800467,Pilopeptan Woman - 5 alpha,1.0,39.0,39.0,0.0,0.0,False
Factura (77).xml,1112202501179222137400120010050000212424412259510,1112202501179222137400120010050000212424412259510,11/12/2025,400053,8423372800061,Pilopeptan Woman - Comprimidos,5.0,39.0,0.0,195.0,29.25,False
Factura (77).xml,1112202501179222137400120010050000212424412259510,1112202501179222137400120010050000212424412259510,11/12/2025,400053,8423372800061,Pilopeptan Woman - Comprimidos,1.0,39.0,39.0,0.0,0.0,False
Factura (78).xml,1212202501179222137400120010050000213034413207218,1212202501179222137400120010050000213034413207218,12/12/2025,300059,1088102.0,Fórmula Magistral Cápsulas Minoxidil 2.5mg Dutasteride 0.5mg,23.0,19.35,0.0,445.05,0.0,False
Factura (78).xml,1212202501179222137400120010050000213034413207218,1212202501179222137400120010050000213034413207218,12/12/2025,300059,1088102.0,Fórmula Magistral Cápsulas Minoxidil 2.5mg Dutasteride 0.5mg,3.0,19.35,58.05,0.0,0.0,False
Factura (78).xml,1212202501179222137400120010050000213034413207218,1212202501179222137400120010050000213034413207218,12/12/2025,300059,1088102.0,Fórmula Magistral Cápsulas Minoxidil 2.5mg Dutasteride 0.5mg,1.0,19.35,0.0,19.35,0.0,False
Factura (78).xml,1212202501179222137400120010050000213034413207218,1212202501179222137400120010050000213034413207218,12/12/2025,300084,108899.0,Fórmula Magistral Cápsulas Minoxidil 5mg Dutasteride 0.5mg,1.0,20.9,0.0,20.9,0.0,False
Factura (78).xml,1212202501179222137400120010050000213034413207218,1212202501179222137400120010050000213034413207218,12/12/2025,300147,1188131.0,Fórmula Magistral Loción Minoxidil 5% Finasteride 0.5% 60ml Gotero,1.0,18.85,0.0,18.85,0.0,False
Factura (8).xml,1301202501179222137400120010050000165104202984910,1301202501179222137400120010050000165104202984910,13/01/2025,300059,1088102,Fórmula Magistral Cápsulas Minoxidil 2.5mg Dutasteride 0.5mg,10.0,17.5,0.0,175.0,0.0,False
Factura (8).xml,1301202501179222137400120010050000165104202984910,1301202501179222137400120010050000165104202984910,13/01/2025,300059,1088102,Fórmula Magistral Cápsulas Minoxidil 2.5mg Dutasteride 0.5mg,1.0,17.5,17.5,0.0,0.0,False
Factura (9).xml,1601202501179222137400120010050000165874205136019,1601202501179222137400120010050000165874205136019,16/01/2025,500001,7868000495164,5-Fluorouracilo 5%  30g,5.0,16.8,0.0,84.0,0.0,False
Factura (9).xml,1601202501179222137400120010050000165874205136019,1601202501179222137400120010050000165874205136019,16/01/2025,500001,7868000495164,5-Fluorouracilo 5%  30g,1.0,16.8,16.8,0.0,0.0,False
Factura (9).xml,1601202501179222137400120010050000165874205136019,1601202501179222137400120010050000165874205136019,16/01/2025,500008,7868000495133,Loción Antitranspirante 100ml,5.0,10.42,0.0,52.1,7.82,False
Factura (9).xml,1601202501179222137400120010050000165874205136019,1601202501179222137400120010050000165874205136019,16/01/2025,500008,7868000495133,Loción Antitranspirante 100ml,1.0,10.42,10.42,0.0,0.0,False
Factura 11.xml,1002202501179222137400120010050000169454223195213,1002202501179222137400120010050000169454223195213,10/02/2025,300059,1088102,Fórmula Magistral Cápsulas Minoxidil 2.5mg Dutasteride 0.5mg,10.0,17.5,0.0,175.0,0.0,False
Factura 11.xml,1002202501179222137400120010050000169454223195213,1002202501179222137400120010050000169454223195213,10/02/2025,300059,1088102,Fórmula Magistral Cápsulas Minoxidil 2.5mg Dutasteride 0.5mg,1.0,17.5,17.5,0.0,0.0,False
Factura 12.xml,1802202501179222137400120010050000170384227453113,1802202501179222137400120010050000170384227453113,18/02/2025,500008,7868000495133,Loción Antitranspirante 100ml,5.0,10.42,0.0,52.1,7.82,False
Factura 12.xml,1802202501179222137400120010050000170384227453113,1802202501179222137400120010050000170384227453113,18/02/2025,500008,7868000495133,Loción Antitranspirante 100ml,1.0,10.42,10.42,0.0,0.0,False
Factura 12.xml,1802202501179222137400120010050000170384227453113,1802202501179222137400120010050000170384227453113,18/02/2025,400042,8423372026010,Pilopeptan Champú - Hombre,4.0,22.75,0.0,91.0,13.65,False
Factura 12.xml,1802202501179222137400120010050000170384227453113,1802202501179222137400120010050000170384227453113,18/02/2025,400042,8423372026010,Pilopeptan Champú - Hombre,1.0,22.75,22.75,0.0,0.0,False
Factura 12.xml,1802202501179222137400120010050000170384227453113,1802202501179222137400120010050000170384227453113,18/02/2025,400045,8423372025006,Pilopeptan Intensive,4.0,44.5,0.0,178.0,26.7,False
Factura 12.xml,1802202501179222137400120010050000170384227453113,1802202501179222137400120010050000170384227453113,18/02/2025,400045,8423372025006,Pilopeptan Intensive,1.0,44.5,44.5,0.0,0.0,False
Factura 14.xml,2402202501179222137400120010050000171184231960712,2402202501179222137400120010050000171184231960712,24/02/2025,300059,1088102,Fórmula Magistral Cápsulas Minoxidil 2.5mg Dutasteride 0.5mg,10.0,17.5,0.0,175.0,0.0,False
Factura 14.xml,2402202501179222137400120010050000171184231960712,2402202501179222137400120010050000171184231960712,24/02/2025,300059,1088102,Fórmula Magistral Cápsulas Minoxidil 2.5mg Dutasteride 0.5mg,1.0,17.5,17.5,0.0,0.0,False
Factura 14.xml,2402202501179222137400120010050000171184231960712,2402202501179222137400120010050000171184231960712,24/02/2025,300084,108899,Fórmula Magistral Cápsulas Minoxidil 5mg Dutasteride 0.5mg,5.0,19.0,0.0,95.0,0.0,False
Factura 15.xml,2503202501179222137400120010050000174944250970611,2503202501179222137400120010050000174944250970611,25/03/2025,300059,1088102,Fórmula Magistral Cápsulas Minoxidil 2.5mg Dutasteride 0.5mg,10.0,17.5,0.0,175.0,0.0,False
Factura 15.xml,2503202501179222137400120010050000174944250970611,2503202501179222137400120010050000174944250970611,25/03/2025,300059,1088102,Fórmula Magistral Cápsulas Minoxidil 2.5mg Dutasteride 0.5mg,1.0,17.5,17.5,0.0,0.0,False
Factura 18.xml,1903202501179222137400120010050000174164246966119,1903202501179222137400120010050000174164246966119,19/03/2025,300059,1088102,Fórmula Magistral Cápsulas Minoxidil 2.5mg Dutasteride 0.5mg,10.0,17.5,0.0,175.0,0.0,False
Factura 18.xml,1903202501179222137400120010050000174164246966119,1903202501179222137400120010050000174164246966119,19/03/2025,300059,1088102,Fórmula Magistral Cápsulas Minoxidil 2.5mg Dutasteride 0.5mg,1.0,17.5,17.5,0.0,0.0,False
Factura.xml,2001202501179222137400120010050000166394207942819,2001202501179222137400120010050000166394207942819,20/01/2025,300024,220302,Fórmula Magistral Cápsulas Dutasteride 0.5mg,10.0,12.0,0.0,120.0,0.0,False
Factura.xml,2001202501179222137400120010050000166394207942819,2001202501179222137400120010050000166394207942819,20/01/2025,300024,220302,Fórmula Magistral Cápsulas Dutasteride 0.5mg,1.0,12.0,12.0,0.0,0.0,False
Factura.xml,2001202501179222137400120010050000166394207942819,2001202501179222137400120010050000166394207942819,20/01/2025,300052,108895,Fórmula Magistral Cápsulas Minoxidil 1mg,10.0,10.0,0.0,100.0,0.0,False
Factura.xml,2001202501179222137400120010050000166394207942819,2001202501179222137400120010050000166394207942819,20/01/2025,300052,108895,Fórmula Magistral Cápsulas Minoxidil 1mg,1.0,10.0,10.0,0.0,0.0,False
Factura.xml,2001202501179222137400120010050000166394207942819,2001202501179222137400120010050000166394207942819,20/01/2025,300058,00654,Fórmula Magistral Cápsulas Minoxidil 2.5mg,10.0,11.0,0.0,110.0,0.0,False
Factura.xml,2001202501179222137400120010050000166394207942819,2001202501179222137400120010050000166394207942819,20/01/2025,300058,00654,Fórmula Magistral Cápsulas Minoxidil 2.5mg,1.0,11.0,11.0,0.0,0.0,False
Factura.xml,2001202501179222137400120010050000166394207942819,2001202501179222137400120010050000166394207942819,20/01/2025,300084,108899,Fórmula Magistral Cápsulas Minoxidil 5mg Dutasteride 0.5mg,2.0,19.0,0.0,38.0,0.0,False
Factura10.xml,0702202501179222137400120010050000169274221212511,0702202501179222137400120010050000169274221212511,07/02/2025,300059,1088102,Fórmula Magistral Cápsulas Minoxidil 2.5mg Dutasteride 0.5mg,10.0,17.5,0.0,175.0,0.0,False
Factura10.xml,0702202501179222137400120010050000169274221212511,0702202501179222137400120010050000169274221212511,07/02/2025,300059,1088102,Fórmula Magistral Cápsulas Minoxidil 2.5mg Dutasteride 0.5mg,1.0,17.5,17.5,0.0,0.0,False
Factura10.xml,0702202501179222137400120010050000169274221212511,0702202501179222137400120010050000169274221212511,07/02/2025,400053,8423372800061,Pilopeptan Woman - Comprimidos,5.0,39.0,0.0,195.0,29.25,False
Factura10.xml,0702202501179222137400120010050000169274221212511,0702202501179222137400120010050000169274221212511,07/02/2025,400053,8423372800061,Pilopeptan Woman - Comprimidos,1.0,39.0,39.0,0.0,0.0,False
